"Variable","Series_Name","Series_template","Factor","notes","notes_variable"
"Secondary Energy|Electricity|Wind|Onshore","Renewable Energy : Electric Power Sector : Generation : Wind","{EIA_dataset}.{EIA_scenario}.GEN_NA_ELEP_NA_WND_NA_NA_BLNKWH.A",1,"",""
"Secondary Energy|Electricity|Wind|Onshore","Renewable Energy : Electric Power Sector : Generation : Offshore Wind","{EIA_dataset}.{EIA_scenario}.GEN_NA_ELEP_NA_WND_OFS_NA_BLNKWH.A",-1,"",""
"Secondary Energy|Electricity|Wind|Offshore","Renewable Energy : Electric Power Sector : Generation : Offshore Wind","{EIA_dataset}.{EIA_scenario}.GEN_NA_ELEP_NA_WND_OFS_NA_BLNKWH.A",1,"",""
"Secondary Energy|Electricity|Wind","Renewable Energy : Electric Power Sector : Generation : Wind","{EIA_dataset}.{EIA_scenario}.GEN_NA_ELEP_NA_WND_NA_NA_BLNKWH.A",1,"",""
"Secondary Energy|Electricity|Solar|PV","Renewable Energy : Electric Power Sector : Generation : Solar Photovoltaic","{EIA_dataset}.{EIA_scenario}.GEN_NA_ELEP_NA_SLR_PHTVL_NA_BLNKWH.A",1,"",""
"Secondary Energy|Electricity|Solar|CSP","Renewable Energy : Electric Power Sector : Generation : Solar Thermal","{EIA_dataset}.{EIA_scenario}.GEN_NA_ELEP_NA_SLR_THERM_NA_BLNKWH.A",1,"",""
"Secondary Energy|Electricity|Solar","Renewable Energy : Electric Power Sector : Generation : Solar Photovoltaic","{EIA_dataset}.{EIA_scenario}.GEN_NA_ELEP_NA_SLR_PHTVL_NA_BLNKWH.A",1,"",""
"Secondary Energy|Electricity|Solar","Renewable Energy : Electric Power Sector : Generation : Solar Thermal","{EIA_dataset}.{EIA_scenario}.GEN_NA_ELEP_NA_SLR_THERM_NA_BLNKWH.A",1,"",""
"Secondary Energy|Electricity|Oil","Electricity : Total Electricity Generation by Fuel : Petroleum","{EIA_dataset}.{EIA_scenario}.GEN_NA_ELEP_TGE_PET_NA_USA_BLNKWH.A",1,"",""
"Secondary Energy|Electricity|Nuclear","Electricity : Total Electricity Generation by Fuel : Nuclear","{EIA_dataset}.{EIA_scenario}.GEN_NA_ELEP_TGE_NUP_NA_USA_BLNKWH.A",1,"",""
"Secondary Energy|Electricity|Hydro","Renewable Energy : Electric Power Sector : Generation : Hydropower","{EIA_dataset}.{EIA_scenario}.GEN_NA_ELEP_NA_HYD_CNV_NA_BLNKWH.A",1,"",""
"Secondary Energy|Electricity|Geothermal","Renewable Energy : Electric Power Sector : Generation : Geothermal","{EIA_dataset}.{EIA_scenario}.GEN_NA_ELEP_NA_GEOTHM_NA_NA_BLNKWH.A",1,"",""
"Secondary Energy|Electricity|Gas","Electricity : Total Electricity Generation by Fuel : Natural Gas","{EIA_dataset}.{EIA_scenario}.GEN_NA_ELEP_TGE_NG_NA_USA_BLNKWH.A",1,"",""
"Secondary Energy|Electricity|Coal","Electricity : Total Electricity Generation by Fuel : Coal","{EIA_dataset}.{EIA_scenario}.GEN_NA_ELEP_TGE_CL_NA_USA_BLNKWH.A",1,"",""
"Secondary Energy|Electricity|Biomass","Renewable Energy : Electric Power Sector : Generation : Biogenic Municipal Waste","{EIA_dataset}.{EIA_scenario}.GEN_NA_ELEP_NA_BGM_NA_NA_BLNKWH.A",1,"",""
"Secondary Energy|Electricity|Biomass","Renewable Energy : Electric Power Sector : Generation : Biomass : Cofiring","{EIA_dataset}.{EIA_scenario}.GEN_NA_ELEP_NA_CFR_NA_NA_BLNKWH.A",1,"",""
"Secondary Energy|Electricity|Biomass","Renewable Energy : Electric Power Sector : Generation : Biomass : Dedicated Plants","{EIA_dataset}.{EIA_scenario}.GEN_NA_ELEP_NA_DPE_NA_NA_BLNKWH.A",1,"",""
"Secondary Energy|Electricity|Biomass","Renewable Energy : Electric Power Sector : Generation : Wood and Other Biomass","{EIA_dataset}.{EIA_scenario}.GEN_NA_ELEP_NA_WBM_NA_NA_BLNKWH.A",1,"",""
"Secondary Energy|Electricity","Electricity : Total Electricity Generation","{EIA_dataset}.{EIA_scenario}.GEN_NA_ELEP_NA_TEG_NA_USA_BLNKWH.A",1,"",""
"Primary Energy|Oil","Total Energy : Use : Liquid Fuels","{EIA_dataset}.{EIA_scenario}.CNSM_USE_TEN_NA_LFL_NA_USA_QBTU.A",1,"",""
"Primary Energy|Nuclear","Total Energy : Production : Nuclear","{EIA_dataset}.{EIA_scenario}.SUP_PRD_TEN_NA_NUC_NA_USA_QBTU.A",1,"",""
"Primary Energy|Hydro","Renewable Energy : Marketed Use : Electric Power : Hydropower","{EIA_dataset}.{EIA_scenario}.CNSM_NA_ELEP_NA_HYD_CNV_NA_QBTU.A",1,"",""
"Primary Energy|Hydro","Renewable Energy : Marketed Use : Industrial : Hydropower","{EIA_dataset}.{EIA_scenario}.CNSM_NA_IDAL_NA_HYD_CNV_NA_QBTU.A",1,"",""
"Primary Energy|Geothermal","Renewable Energy : All Sectors : Generation : Geothermal","{EIA_dataset}.{EIA_scenario}.GEN_NA_ALLS_NA_GEOTHM_NA_NA_BLNKWH.A",1,"not in template anymore","Primary Energy|Gas|Electricity"
"Primary Energy|Gas","Energy Use : Total : Natural Gas, United States","{EIA_dataset}.{EIA_scenario}.CNSM_ENU_TEN_NA_NG_NA_NA_QBTU.A",1,"",""
"Primary Energy|Fossil","Total Energy : Exports : Coal","{EIA_dataset}.{EIA_scenario}.TRAD_EXP_TEN_NA_CL_NA_USA_QBTU.A",-1,"not in template anymore","Primary Energy|Coal|Electricity"
"Primary Energy|Fossil","Total Energy : Exports : Natural Gas","{EIA_dataset}.{EIA_scenario}.TRAD_EXP_TEN_NA_NG_NA_USA_QBTU.A",-1,"",""
"Primary Energy|Fossil","Total Energy : Exports : Petroleum","{EIA_dataset}.{EIA_scenario}.TRAD_EXP_TEN_NA_PET_NA_USA_QBTU.A",-1,"",""
"Primary Energy|Fossil","Total Energy : Imports : Crude Oil","{EIA_dataset}.{EIA_scenario}.TRAD_IMP_TEN_NA_CR_NA_USA_QBTU.A",1,"",""
"Primary Energy|Fossil","Total Energy : Imports : Liquid Fuels","{EIA_dataset}.{EIA_scenario}.TRAD_IMP_TEN_NA_LFL_NA_USA_QBTU.A",1,"",""
"Primary Energy|Fossil","Total Energy : Imports : Natural Gas","{EIA_dataset}.{EIA_scenario}.TRAD_IMP_TEN_NA_NG_NA_USA_QBTU.A",1,"",""
"Primary Energy|Fossil","Total Energy : Production : Coal","{EIA_dataset}.{EIA_scenario}.SUP_PRD_TEN_NA_CL_NA_USA_QBTU.A",1,"",""
"Primary Energy|Fossil","Total Energy : Production : Crude Oil and Lease Condensate","{EIA_dataset}.{EIA_scenario}.SUP_PRD_TEN_NA_CLC_NA_USA_QBTU.A",1,"",""
"Primary Energy|Fossil","Total Energy : Production : Dry Natural Gas","{EIA_dataset}.{EIA_scenario}.SUP_PRD_TEN_NA_DNG_NA_USA_QBTU.A",1,"",""
"Primary Energy|Fossil","Total Energy : Production : Natural Gas Plant Liquids","{EIA_dataset}.{EIA_scenario}.SUP_PRD_TEN_NA_NGP_NA_USA_QBTU.A",1,"",""
"Primary Energy|Coal","Total Energy : Production : Coal","{EIA_dataset}.{EIA_scenario}.SUP_PRD_TEN_NA_CL_NA_USA_QBTU.A",1,"",""
"Primary Energy|Coal","Total Energy : Exports : Coal","{EIA_dataset}.{EIA_scenario}.TRAD_EXP_TEN_NA_CL_NA_USA_QBTU.A",-1,"",""
"Primary Energy|Biomass","Total Energy : Use : Biomass","{EIA_dataset}.{EIA_scenario}.CNSM_USE_TEN_NA_BMS_NA_USA_QBTU.A",1,"",""
"Primary Energy","Total Energy : Production : Total","{EIA_dataset}.{EIA_scenario}.SUP_PRD_TEN_NA_TOT_NA_USA_QBTU.A",1,"",""
"Primary Energy","Total Energy : Imports : Total","{EIA_dataset}.{EIA_scenario}.TRAD_IMP_TEN_NA_TOT_NA_USA_QBTU.A",1,"",""
"Primary Energy","Total Energy : Exports : Total","{EIA_dataset}.{EIA_scenario}.TRAD_EXP_TEN_NA_TOT_NA_USA_QBTU.A",-1,"subtract out exports",""
"Price|Primary Energy|Oil","Real Petroleum Prices : Crude Oil : West Texas Intermediate Spot","{EIA_dataset}.{EIA_scenario}.PRCE_NA_NA_NA_CR_WTI_USA_Y13DLRPBBL.A",1,"",""
"Price|Primary Energy|Gas","Natural Gas : Henry Hub Spot Price","{EIA_dataset}.{EIA_scenario}.PRCE_HHP_NA_NA_NG_NA_USA_Y13DLRPMMBTU.A",1,"",""
"Price|Primary Energy|Coal","Coal Supply : Average Minemouth Price","{EIA_dataset}.{EIA_scenario}.PRCE_NA_NA_NA_CL_MNMTH_NA_Y13DLRPMMBTU.A",1,"",""
"Price|Final Energy|Transportation|Oil|Jet Fuel","trn jet fuel price","{EIA_dataset}.{EIA_scenario}.PRCE_REAL_TRN_NA_JFL_NA_NA_Y13DLRPMMBTU.A",1,"",""
"Price|Final Energy|Transportation|Oil|Gasoline","trn gasoline price","{EIA_dataset}.{EIA_scenario}.PRCE_REAL_TRN_NA_MGS_NA_NA_Y13DLRPMMBTU.A",1,"",""
"Price|Final Energy|Transportation|Oil|Diesel","Energy Prices : Transportation : Diesel Fuel, United States","{EIA_dataset}.{EIA_scenario}.PRCE_REAL_TRN_NA_DFU_NA_NA_Y13DLRPMMBTU.A",1,"",""
"Price|Final Energy|Transportation|Gas","trn gas price","{EIA_dataset}.{EIA_scenario}.PRCE_REAL_TRN_NA_NG_NA_NA_Y13DLRPMMBTU.A",1,"",""
"Price|Final Energy|Transportation|Electricity","trn elc price","{EIA_dataset}.{EIA_scenario}.PRCE_REAL_TRN_NA_ELC_NA_NA_Y13DLRPMMBTU.A",1,"",""
"Price|Final Energy|Residential|Oil","res oil price","{EIA_dataset}.{EIA_scenario}.PRCE_REAL_RESD_NA_PROP_NA_NA_Y13DLRPMMBTU.A",1,"",""
"Price|Final Energy|Residential|Gas","res gas price","{EIA_dataset}.{EIA_scenario}.PRCE_REAL_RESD_NA_NG_NA_NA_Y13DLRPMMBTU.A",1,"",""
"Price|Final Energy|Residential|Electricity","res elc price","{EIA_dataset}.{EIA_scenario}.PRCE_REAL_RESD_NA_ELC_NA_NA_Y13DLRPMMBTU.A",1,"",""
"Price|Final Energy|Oil","oil price","{EIA_dataset}.{EIA_scenario}.PRCE_REAL_TEN_NA_MGS_NA_NA_Y13DLRPMMBTU.A",1,"",""
"Price|Final Energy|Industrial|Oil","ind oil price","{EIA_dataset}.{EIA_scenario}.PRCE_REAL_IDAL_NA_DFO_NA_NA_Y13DLRPMMBTU.A",1,"",""
"Price|Final Energy|Industrial|Gas","ind gas price","{EIA_dataset}.{EIA_scenario}.PRCE_REAL_IDAL_NA_NG_NA_NA_Y13DLRPMMBTU.A",1,"",""
"Price|Final Energy|Industrial|Electricity","ind elc price","{EIA_dataset}.{EIA_scenario}.PRCE_REAL_IDAL_NA_ELC_NA_NA_Y13DLRPMMBTU.A",1,"",""
"Price|Final Energy|Gas","Energy Prices : Average Price to All Users : Natural Gas, United States","{EIA_dataset}.{EIA_scenario}.PRCE_REAL_TEN_NA_NG_NA_NA_Y13DLRPMMBTU.A",1,"",""
"Price|Final Energy|Electricity","elc price","{EIA_dataset}.{EIA_scenario}.PRCE_REAL_TEN_NA_ELC_NA_NA_Y13DLRPMMBTU.A",1,"",""
"Price|Final Energy|Commercial|Oil","com oil price","{EIA_dataset}.{EIA_scenario}.PRCE_REAL_COMM_NA_DFO_NA_NA_Y13DLRPMMBTU.A",1,"",""
"Price|Final Energy|Commercial|Gas","com gas price","{EIA_dataset}.{EIA_scenario}.PRCE_REAL_COMM_NA_NG_NA_NA_Y13DLRPMMBTU.A",1,"",""
"Price|Final Energy|Commercial|Electricity","com elc price","{EIA_dataset}.{EIA_scenario}.PRCE_REAL_COMM_NA_ELC_NA_NA_Y13DLRPMMBTU.A",1,"",""
"Output|Industry|NonEInt Mfg|Wood Products|Value","Other Manufacturing : Wood Products : Value of Shipments","{EIA_dataset}.{EIA_scenario}.ECI_VOS_IDAL_WDP_NA_NA_NA_BLNY09DLR.A",1,". ",""
"Output|Industry|NonEInt Mfg|Plastic & rubber|Value","Other Manufacturing : Plastics : Value of Shipments","{EIA_dataset}.{EIA_scenario}.ECI_VOS_IDAL_PLI_NA_NA_NA_BLNY09DLR.A",1,". ",""
"Output|Industry|NonEInt Mfg|Metal durables|Transport equip|Value","Metal Based Durables : Transportation Equipment : Value of Shipments","{EIA_dataset}.{EIA_scenario}.ECI_VOS_IDAL_TEQ_NA_NA_NA_BLNY09DLR.A",1,". ",""
"Output|Industry|NonEInt Mfg|Metal durables|Machinery|Value","Metal Based Durables :  Machinery : Value of Shipments","{EIA_dataset}.{EIA_scenario}.ECI_VOS_IDAL_MCHI_NA_NA_NA_BLNY09DLR.A",1,". ",""
"Output|Industry|NonEInt Mfg|Metal durables|Fab metal|Value","Metal Based Durables : Fabricated Metal Products : Value of Shipments","{EIA_dataset}.{EIA_scenario}.ECI_VOS_IDAL_FBP_NA_NA_NA_BLNY09DLR.A",1,". ",""
"Output|Industry|NonEInt Mfg|Metal durables|Computer|Value","Metal Based Durables : Computers : Value of Shipments","{EIA_dataset}.{EIA_scenario}.ECI_VOS_IDAL_CMPR_NA_NA_NA_BLNY09DLR.A",1,". ",""
"Output|Industry|NonEInt Mfg|Metal durables|Appliances|Value","Metal Based Durables : Electrical Equipment : Value of Shipments","{EIA_dataset}.{EIA_scenario}.ECI_VOS_IDAL_EEI_NA_NA_NA_BLNY09DLR.A",1,". ",""
"Output|Industry|NonEInt Mfg|Balance of manufacturing|Value","Other Manufacturing : Balance of Manufacturing : Value of Shipments","{EIA_dataset}.{EIA_scenario}.ECI_VOS_IDAL_BMF_NA_NA_NA_BLNY09DLR.A",1,". ",""
"Output|Industry|Non Mfg|Other mining|Value","Nonmanufacturing : Mining : Value of Shipments","{EIA_dataset}.{EIA_scenario}.ECI_VOS_IDAL_MING_NA_NA_NA_BLNY09DLR.A",1,". Extent of EIA mining sector is unclear",""
"Output|Industry|Non Mfg|Construction|Value","Nonmanufacturing : Construction : Value of Shipments","{EIA_dataset}.{EIA_scenario}.ECI_VOS_IDAL_CNS_NA_NA_NA_BLNY09DLR.A",1,". ",""
"Output|Industry|Non Mfg|Agriculture|Value","Nonmanufacturing : Agriculture : Value of Shipments","{EIA_dataset}.{EIA_scenario}.ECI_VOS_IDAL_AGG_NA_NA_NA_BLNY09DLR.A",1,". ",""
"Output|Industry|EInt Mfg|Paper|Value","Paper Industry : Value of Shipments","{EIA_dataset}.{EIA_scenario}.ECI_VOS_IDAL_PPM_NA_NA_NA_BLNY09DLR.A",1,". ",""
"Output|Industry|EInt Mfg|Iron and steel|Value","Iron and Steel : Value of Shipments","{EIA_dataset}.{EIA_scenario}.ECI_VOS_IDAL_ISM_NA_NA_NA_BLNY09DLR.A",1,". ",""
"Output|Industry|EInt Mfg|Glass|Value","Glass Industry : Value of Shipments","{EIA_dataset}.{EIA_scenario}.ECI_VOS_IDAL_GGR_NA_NA_NA_BLNY09DLR.A",1,". ",""
"Output|Industry|EInt Mfg|Food products|Value","Food Industry : Value of Shipments","{EIA_dataset}.{EIA_scenario}.ECI_VOS_IDAL_FDP_NA_NA_NA_BLNY09DLR.A",1,". ",""
"Output|Industry|EInt Mfg|Cement and lime|Value","Cement Industry : Value of Shipments","{EIA_dataset}.{EIA_scenario}.ECI_VOS_IDAL_CEM_NA_NA_NA_BLNY09DLR.A",1,". ",""
"Output|Industry|EInt Mfg|Bulk chemicals|Value","Bulk Chemical : Value of Shipments","{EIA_dataset}.{EIA_scenario}.ECI_VOS_IDAL_BCH_NA_NA_NA_BLNY09DLR.A",1,". ",""
"Output|Industry|EInt Mfg|Aluminum|Value","Aluminum Industry : Value of Shipments","{EIA_dataset}.{EIA_scenario}.ECI_VOS_IDAL_AAP_NA_NA_NA_BLNY09DLR.A",1,". ",""
"GDP|MER","Macroeconomic Indicators : Real Gross Domestic Product","{EIA_dataset}.{EIA_scenario}.ECI_NA_NA_NA_GDP_REAL_NA_BLNY09DLR.A",1,"",""
"GDP|Investment","Macroeconomic Indicators : GDP Components : Real Business Fixed Investment","{EIA_dataset}.{EIA_scenario}.ECI_NA_NA_NA_GDP_RINV_NA_BLNY09DLR.A",1,"",""
"GDP|Imports","Macroeconomic Indicators : GDP Components : Real Imports","{EIA_dataset}.{EIA_scenario}.ECI_NA_NA_NA_GDP_RIMP_NA_BLNY09DLR.A",1,"",""
"GDP|Government","Macroeconomic Indicators : GDP Components : Real Government Spending","{EIA_dataset}.{EIA_scenario}.ECI_NA_NA_NA_GDP_RGSP_NA_BLNY09DLR.A",1,"",""
"GDP|Exports","Macroeconomic Indicators : GDP Components : Real Exports","{EIA_dataset}.{EIA_scenario}.ECI_NA_NA_NA_GDP_REXP_NA_BLNY09DLR.A",1,"",""
"GDP|Consumption","Macroeconomic Indicators : GDP Components : Real Consumption","{EIA_dataset}.{EIA_scenario}.ECI_NA_NA_NA_GDP_RCNSP_NA_BLNY09DLR.A",1,"",""
"Final Energy|Transportation|Electricity","Energy Use : Transportation : Electricity, United States","{EIA_dataset}.{EIA_scenario}.CNSM_ENU_TRN_NA_ELC_NA_NA_QBTU.A",1,"",""
"Final Energy|Transportation","Energy Use : Transportation : Total, United States","{EIA_dataset}.{EIA_scenario}.CNSM_ENU_TRN_NA_TOT_NA_NA_QBTU.A",1,"",""
"Final Energy|Industry|NonEInt Mfg|Wood Products|Oil","Other Manufacturing : Wood Products : Petroleum Subtotal","{EIA_dataset}.{EIA_scenario}.CNSM_NA_IDAL_WDP_PET_NA_NA_TRLBTU.A",1,". ",""
"Final Energy|Industry|NonEInt Mfg|Wood Products|Gas","Other Manufacturing : Wood Products : Natural Gas","{EIA_dataset}.{EIA_scenario}.CNSM_NA_IDAL_WDP_NG_NA_NA_TRLBTU.A",1,". ",""
"Final Energy|Industry|NonEInt Mfg|Wood Products|Electricity","Other Manufacturing : Wood Products : Purchased Electricity","{EIA_dataset}.{EIA_scenario}.CNSM_NA_IDAL_WDP_PRC_NA_NA_TRLBTU.A",1,". ",""
"Final Energy|Industry|NonEInt Mfg|Wood Products|Coal","Other Manufacturing : Wood Products : Steam Coal","{EIA_dataset}.{EIA_scenario}.CNSM_NA_IDAL_WDP_STC_NA_NA_TRLBTU.A",1,". ",""
"Final Energy|Industry|NonEInt Mfg|Wood Products|Biomass Solids","Other Manufacturing : Wood Products : Renewables","{EIA_dataset}.{EIA_scenario}.CNSM_NA_IDAL_WDP_REB_NA_NA_TRLBTU.A",1,"Allocating Renewables to Biomass Solids. ",""
"Final Energy|Industry|NonEInt Mfg|Plastic & rubber|Oil","Other Manufacturing : Plastics : Petroleum Subtotal","{EIA_dataset}.{EIA_scenario}.CNSM_NA_IDAL_PLI_PET_NA_NA_TRLBTU.A",1,". ",""
"Final Energy|Industry|NonEInt Mfg|Plastic & rubber|Gas","Other Manufacturing : Plastics : Natural Gas","{EIA_dataset}.{EIA_scenario}.CNSM_NA_IDAL_PLI_NG_NA_NA_TRLBTU.A",1,". ",""
"Final Energy|Industry|NonEInt Mfg|Plastic & rubber|Electricity","Other Manufacturing : Plastics : Purchased Electricity","{EIA_dataset}.{EIA_scenario}.CNSM_NA_IDAL_PLI_PRC_NA_NA_TRLBTU.A",1,". ",""
"Final Energy|Industry|NonEInt Mfg|Plastic & rubber|Coal","Other Manufacturing : Plastics : Steam Coal","{EIA_dataset}.{EIA_scenario}.CNSM_NA_IDAL_PLI_STC_NA_NA_TRLBTU.A",1,". ",""
"Final Energy|Industry|NonEInt Mfg|Plastic & rubber|Biomass Solids","Other Manufacturing : Plastics : Renewables","{EIA_dataset}.{EIA_scenario}.CNSM_NA_IDAL_PLI_REB_NA_NA_TRLBTU.A",1,"Allocating Renewables to Biomass Solids. ",""
"Final Energy|Industry|NonEInt Mfg|Metal durables|Transport equip|Oil","Metal Based Durables : Transportation Equipment : Petroleum Subtotal","{EIA_dataset}.{EIA_scenario}.CNSM_NA_IDAL_TEQ_PET_NA_NA_TRLBTU.A",1,". ",""
"Final Energy|Industry|NonEInt Mfg|Metal durables|Transport equip|Gas","Metal Based Durables : Transportation Equipment : Natural Gas","{EIA_dataset}.{EIA_scenario}.CNSM_NA_IDAL_TEQ_NG_NA_NA_TRLBTU.A",1,". ",""
"Final Energy|Industry|NonEInt Mfg|Metal durables|Transport equip|Electricity","Metal Based Durables : Transportation Equipment : Purchased Electricity","{EIA_dataset}.{EIA_scenario}.CNSM_NA_IDAL_TEQ_PRC_NA_NA_TRLBTU.A",1,". ",""
"Final Energy|Industry|NonEInt Mfg|Metal durables|Transport equip|Coal","Metal Based Durables : Transportation Equipment : Steam Coal","{EIA_dataset}.{EIA_scenario}.CNSM_NA_IDAL_TEQ_STC_NA_NA_TRLBTU.A",1,". ",""
"Final Energy|Industry|NonEInt Mfg|Metal durables|Transport equip|Biomass Solids","Metal Based Durables : Transportation Equipment : Renewables","{EIA_dataset}.{EIA_scenario}.CNSM_NA_IDAL_TEQ_REB_NA_NA_TRLBTU.A",1,"Allocating Renewables to Biomass Solids. ",""
"Final Energy|Industry|NonEInt Mfg|Metal durables|Machinery|Oil","Metal Based Durables :  Machinery : Petroleum Subtotal","{EIA_dataset}.{EIA_scenario}.CNSM_NA_IDAL_MCHI_PET_NA_NA_TRLBTU.A",1,". ",""
"Final Energy|Industry|NonEInt Mfg|Metal durables|Machinery|Gas","Metal Based Durables :  Machinery : Natural Gas","{EIA_dataset}.{EIA_scenario}.CNSM_NA_IDAL_MCHI_NG_NA_NA_TRLBTU.A",1,". ",""
"Final Energy|Industry|NonEInt Mfg|Metal durables|Machinery|Electricity","Metal Based Durables :  Machinery : Purchased Electricity","{EIA_dataset}.{EIA_scenario}.CNSM_NA_IDAL_MCHI_PRC_NA_NA_TRLBTU.A",1,". ",""
"Final Energy|Industry|NonEInt Mfg|Metal durables|Machinery|Coal","Metal Based Durables :  Machinery : Steam Coal","{EIA_dataset}.{EIA_scenario}.CNSM_NA_IDAL_MCHI_STC_NA_NA_TRLBTU.A",1,". ",""
"Final Energy|Industry|NonEInt Mfg|Metal durables|Machinery|Biomass Solids","Metal Based Durables :  Machinery : Renewables","{EIA_dataset}.{EIA_scenario}.CNSM_NA_IDAL_MCHI_REB_NA_NA_TRLBTU.A",1,"Allocating Renewables to Biomass Solids. ",""
"Final Energy|Industry|NonEInt Mfg|Metal durables|Fab metal|Oil","Metal Based Durables : Fabricated Metal Products : Petroleum Subtotal","{EIA_dataset}.{EIA_scenario}.CNSM_NA_IDAL_FBP_PET_NA_NA_TRLBTU.A",1,". ",""
"Final Energy|Industry|NonEInt Mfg|Metal durables|Fab metal|Gas","Metal Based Durables : Fabricated Metal Products : Natural Gas","{EIA_dataset}.{EIA_scenario}.CNSM_NA_IDAL_FBP_NG_NA_NA_TRLBTU.A",1,". ",""
"Final Energy|Industry|NonEInt Mfg|Metal durables|Fab metal|Electricity","Metal Based Durables : Fabricated Metal Products : Purchased Electricity","{EIA_dataset}.{EIA_scenario}.CNSM_NA_IDAL_FBP_PRC_NA_NA_TRLBTU.A",1,". ",""
"Final Energy|Industry|NonEInt Mfg|Metal durables|Fab metal|Coal","Metal Based Durables : Fabricated Metal Products : Steam Coal","{EIA_dataset}.{EIA_scenario}.CNSM_NA_IDAL_FBP_STC_NA_NA_TRLBTU.A",1,". ",""
"Final Energy|Industry|NonEInt Mfg|Metal durables|Fab metal|Biomass Solids","Metal Based Durables : Fabricated Metal Products : Renewables","{EIA_dataset}.{EIA_scenario}.CNSM_NA_IDAL_FBP_REB_NA_NA_TRLBTU.A",1,"Allocating Renewables to Biomass Solids. ",""
"Final Energy|Industry|NonEInt Mfg|Metal durables|Computer|Oil","Metal Based Durables : Computers : Petroleum Subtotal","{EIA_dataset}.{EIA_scenario}.CNSM_NA_IDAL_CMPR_PET_NA_NA_TRLBTU.A",1,". ",""
"Final Energy|Industry|NonEInt Mfg|Metal durables|Computer|Gas","Metal Based Durables : Computers : Natural Gas","{EIA_dataset}.{EIA_scenario}.CNSM_NA_IDAL_CMPR_NG_NA_NA_TRLBTU.A",1,". ",""
"Final Energy|Industry|NonEInt Mfg|Metal durables|Computer|Electricity","Metal Based Durables : Computers : Purchased Electricity","{EIA_dataset}.{EIA_scenario}.CNSM_NA_IDAL_CMPR_PRC_NA_NA_TRLBTU.A",1,". ",""
"Final Energy|Industry|NonEInt Mfg|Metal durables|Computer|Coal","Metal Based Durables : Computers : Steam Coal","{EIA_dataset}.{EIA_scenario}.CNSM_NA_IDAL_CMPR_STC_NA_NA_TRLBTU.A",1,". ",""
"Final Energy|Industry|NonEInt Mfg|Metal durables|Computer|Biomass Solids","Metal Based Durables : Computers : Renewables","{EIA_dataset}.{EIA_scenario}.CNSM_NA_IDAL_CMPR_REB_NA_NA_TRLBTU.A",1,"Allocating Renewables to Biomass Solids. ",""
"Final Energy|Industry|NonEInt Mfg|Metal durables|Appliances|Oil","Metal Based Durables : Electrical Equipment : Petroleum Subtotal","{EIA_dataset}.{EIA_scenario}.CNSM_NA_IDAL_EEI_PET_NA_NA_TRLBTU.A",1,". ",""
"Final Energy|Industry|NonEInt Mfg|Metal durables|Appliances|Gas","Metal Based Durables : Electrical Equipment : Natural Gas","{EIA_dataset}.{EIA_scenario}.CNSM_NA_IDAL_EEI_NG_NA_NA_TRLBTU.A",1,". ",""
"Final Energy|Industry|NonEInt Mfg|Metal durables|Appliances|Electricity","Metal Based Durables : Electrical Equipment : Purchased Electricity","{EIA_dataset}.{EIA_scenario}.CNSM_NA_IDAL_EEI_PRC_NA_NA_TRLBTU.A",1,". ",""
"Final Energy|Industry|NonEInt Mfg|Metal durables|Appliances|Coal","Metal Based Durables : Electrical Equipment : Steam Coal","{EIA_dataset}.{EIA_scenario}.CNSM_NA_IDAL_EEI_STC_NA_NA_TRLBTU.A",1,". ",""
"Final Energy|Industry|NonEInt Mfg|Metal durables|Appliances|Biomass Solids","Metal Based Durables : Electrical Equipment : Renewables","{EIA_dataset}.{EIA_scenario}.CNSM_NA_IDAL_EEI_REB_NA_NA_TRLBTU.A",1,"Allocating Renewables to Biomass Solids. ",""
"Final Energy|Industry|NonEInt Mfg|Balance of manufacturing|Oil","Other Manufacturing : Balance of Manufacturing : Petroleum Subtotal","{EIA_dataset}.{EIA_scenario}.CNSM_NA_IDAL_BMF_PET_NA_NA_TRLBTU.A",1,". ",""
"Final Energy|Industry|NonEInt Mfg|Balance of manufacturing|Gas","Other Manufacturing : Balance of Manufacturing : Natural Gas","{EIA_dataset}.{EIA_scenario}.CNSM_NA_IDAL_BMF_NG_NA_NA_TRLBTU.A",1,". ",""
"Final Energy|Industry|NonEInt Mfg|Balance of manufacturing|Electricity","Other Manufacturing : Balance of Manufacturing : Purchased Electricity","{EIA_dataset}.{EIA_scenario}.CNSM_NA_IDAL_BMF_PRC_NA_NA_TRLBTU.A",1,". ",""
"Final Energy|Industry|NonEInt Mfg|Balance of manufacturing|Coal","Other Manufacturing : Balance of Manufacturing : Steam Coal","{EIA_dataset}.{EIA_scenario}.CNSM_NA_IDAL_BMF_STC_NA_NA_TRLBTU.A",1,". ",""
"Final Energy|Industry|NonEInt Mfg|Balance of manufacturing|Biomass Solids","Other Manufacturing : Balance of Manufacturing : Renewables","{EIA_dataset}.{EIA_scenario}.CNSM_NA_IDAL_BMF_REB_NA_NA_TRLBTU.A",1,"Allocating Renewables to Biomass Solids. ",""
"Final Energy|Industry|Non Mfg|Other mining|Oil","Nonmanufacturing : Mining : Petroleum Subtotal","{EIA_dataset}.{EIA_scenario}.CNSM_NA_IDAL_MING_PET_NA_NA_TRLBTU.A",1,". Extent of EIA mining sector is unclear",""
"Final Energy|Industry|Non Mfg|Other mining|Gas","Nonmanufacturing : Energy Use : Mining : Lease and Plant Fuel","{EIA_dataset}.{EIA_scenario}.CNSM_NA_IDAL_MING_LSAPFL_NA_NA_TRLBTU.A",1,"Lease & plant fuel. Represents natural gas used in well, field, and lease operations, and in natural gas processing plant machinery.",""
"Final Energy|Industry|Non Mfg|Other mining|Gas","Nonmanufacturing : Mining : Natural Gas","{EIA_dataset}.{EIA_scenario}.CNSM_NA_IDAL_MING_NG_NA_NA_TRLBTU.A",1,". Extent of EIA mining sector is unclear",""
"Final Energy|Industry|Non Mfg|Other mining|Electricity","Nonmanufacturing : Energy Use : Mining : Purchased Electricity excluding Oil Shale","{EIA_dataset}.{EIA_scenario}.CNSM_NA_IDAL_MING_PEO_NA_NA_TRLBTU.A",1,"Electricity in mining (not including oil shale)",""
"Final Energy|Industry|Non Mfg|Other mining|Electricity","Nonmanufacturing : Energy Use : Mining : Purchased Electricity for Oil Shale","{EIA_dataset}.{EIA_scenario}.CNSM_NA_IDAL_MING_PES_NA_NA_TRLBTU.A",1,"Electricity in mining (including oil shale)",""
"Final Energy|Industry|Non Mfg|Other mining|Electricity","Nonmanufacturing : Mining : Purchased Electricity","{EIA_dataset}.{EIA_scenario}.CNSM_NA_IDAL_MING_PRC_NA_NA_TRLBTU.A",1,". Extent of EIA mining sector is unclear",""
"Final Energy|Industry|Non Mfg|Other mining|Coal","Nonmanufacturing : Mining : Steam Coal","{EIA_dataset}.{EIA_scenario}.CNSM_NA_IDAL_MING_STC_NA_NA_TRLBTU.A",1,". Extent of EIA mining sector is unclear",""
"Final Energy|Industry|Non Mfg|Other mining|Biomass Solids","Nonmanufacturing : Mining : Renewables","{EIA_dataset}.{EIA_scenario}.CNSM_NA_IDAL_MING_REB_NA_NA_TRLBTU.A",1,"Allocating Renewables to Biomass Solids. Extent of EIA mining sector is unclear",""
"Final Energy|Industry|Non Mfg|Construction|Oil","Nonmanufacturing : Energy Use : Construction : Asphalt and Road Oil","{EIA_dataset}.{EIA_scenario}.CNSM_NA_IDAL_CNS_ARO_NA_NA_TRLBTU.A",-1,"Remove oil for asphalt from construction",""
"Final Energy|Industry|Non Mfg|Construction|Oil","Nonmanufacturing : Construction : Petroleum Subtotal","{EIA_dataset}.{EIA_scenario}.CNSM_NA_IDAL_CNS_PET_NA_NA_TRLBTU.A",1,". ",""
"Final Energy|Industry|Non Mfg|Construction|Gas","Nonmanufacturing : Construction : Natural Gas","{EIA_dataset}.{EIA_scenario}.CNSM_NA_IDAL_CNS_NG_NA_NA_TRLBTU.A",1,". ",""
"Final Energy|Industry|Non Mfg|Construction|Electricity","Nonmanufacturing : Construction : Purchased Electricity","{EIA_dataset}.{EIA_scenario}.CNSM_NA_IDAL_CNS_PRC_NA_NA_TRLBTU.A",1,". ",""
"Final Energy|Industry|Non Mfg|Construction|Coal","Nonmanufacturing : Construction : Steam Coal","{EIA_dataset}.{EIA_scenario}.CNSM_NA_IDAL_CNS_STC_NA_NA_TRLBTU.A",1,". ",""
"Final Energy|Industry|Non Mfg|Construction|Biomass Solids","Nonmanufacturing : Construction : Renewables","{EIA_dataset}.{EIA_scenario}.CNSM_NA_IDAL_CNS_REB_NA_NA_TRLBTU.A",1,"Allocating Renewables to Biomass Solids. ",""
"Final Energy|Industry|Non Mfg|Agriculture|Oil","Nonmanufacturing : Agriculture : Petroleum Subtotal","{EIA_dataset}.{EIA_scenario}.CNSM_NA_IDAL_AGG_PET_NA_NA_TRLBTU.A",1,". ",""
"Final Energy|Industry|Non Mfg|Agriculture|Gas","Nonmanufacturing : Agriculture : Natural Gas","{EIA_dataset}.{EIA_scenario}.CNSM_NA_IDAL_AGG_NG_NA_NA_TRLBTU.A",1,". ",""
"Final Energy|Industry|Non Mfg|Agriculture|Electricity","Nonmanufacturing : Agriculture : Purchased Electricity","{EIA_dataset}.{EIA_scenario}.CNSM_NA_IDAL_AGG_PRC_NA_NA_TRLBTU.A",1,". ",""
"Final Energy|Industry|Non Mfg|Agriculture|Coal","Nonmanufacturing : Agriculture : Steam Coal","{EIA_dataset}.{EIA_scenario}.CNSM_NA_IDAL_AGG_STC_NA_NA_TRLBTU.A",1,". ",""
"Final Energy|Industry|Non Mfg|Agriculture|Biomass Solids","Nonmanufacturing : Agriculture : Renewables","{EIA_dataset}.{EIA_scenario}.CNSM_NA_IDAL_AGG_REB_NA_NA_TRLBTU.A",1,"Allocating Renewables to Biomass Solids. ",""
"Final Energy|Industry|Electricity","Energy Use : Industrial : Electricity, United States","{EIA_dataset}.{EIA_scenario}.CNSM_ENU_IDAL_NA_ELC_NA_NA_QBTU.A",1,"",""
"Final Energy|Industry|EInt Mfg|Paper|Oil","Paper Industry : Petroleum Subtotal","{EIA_dataset}.{EIA_scenario}.CNSM_NA_IDAL_PPM_PET_NA_NA_TRLBTU.A",1,". ",""
"Final Energy|Industry|EInt Mfg|Paper|Gas","Paper Industry : Natural Gas","{EIA_dataset}.{EIA_scenario}.CNSM_NA_IDAL_PPM_NG_NA_NA_TRLBTU.A",1,". ",""
"Final Energy|Industry|EInt Mfg|Paper|Electricity","Paper Industry : Purchased Electricity","{EIA_dataset}.{EIA_scenario}.CNSM_NA_IDAL_PPM_PRC_NA_NA_TRLBTU.A",1,". ",""
"Final Energy|Industry|EInt Mfg|Paper|Coal","Paper Industry : Steam Coal","{EIA_dataset}.{EIA_scenario}.CNSM_NA_IDAL_PPM_STC_NA_NA_TRLBTU.A",1,". ",""
"Final Energy|Industry|EInt Mfg|Paper|Biomass Solids","Paper Industry : Renewables","{EIA_dataset}.{EIA_scenario}.CNSM_NA_IDAL_PPM_REB_NA_NA_TRLBTU.A",1,"Allocating Renewables to Biomass Solids. ",""
"Final Energy|Industry|EInt Mfg|Iron and steel|Oil","Iron and Steel : Petroleum Subtotal","{EIA_dataset}.{EIA_scenario}.CNSM_NA_IDAL_ISM_PET_NA_NA_TRLBTU.A",1,". ",""
"Final Energy|Industry|EInt Mfg|Iron and steel|Gas","Iron and Steel : Natural Gas","{EIA_dataset}.{EIA_scenario}.CNSM_NA_IDAL_ISM_NG_NA_NA_TRLBTU.A",1,". ",""
"Final Energy|Industry|EInt Mfg|Iron and steel|Electricity","Iron and Steel : Purchased Electricity","{EIA_dataset}.{EIA_scenario}.CNSM_NA_IDAL_ISM_PRC_NA_NA_TRLBTU.A",1,". ",""
"Final Energy|Industry|EInt Mfg|Iron and steel|Coal","Iron and Steel : Steam Coal","{EIA_dataset}.{EIA_scenario}.CNSM_NA_IDAL_ISM_STC_NA_NA_TRLBTU.A",1,". ",""
"Final Energy|Industry|EInt Mfg|Iron and steel|Biomass Solids","Iron and Steel : Renewables","{EIA_dataset}.{EIA_scenario}.CNSM_NA_IDAL_ISM_REB_NA_NA_TRLBTU.A",1,"Allocating Renewables to Biomass Solids. ",""
"Final Energy|Industry|EInt Mfg|Glass|Oil","Glass Industry : Petroleum Subtotal","{EIA_dataset}.{EIA_scenario}.CNSM_NA_IDAL_GGR_PET_NA_NA_TRLBTU.A",1,". ",""
"Final Energy|Industry|EInt Mfg|Glass|Gas","Glass Industry : Natural Gas","{EIA_dataset}.{EIA_scenario}.CNSM_NA_IDAL_GGR_NG_NA_NA_TRLBTU.A",1,". ",""
"Final Energy|Industry|EInt Mfg|Glass|Electricity","Glass Industry : Purchased Electricity","{EIA_dataset}.{EIA_scenario}.CNSM_NA_IDAL_GGR_PRC_NA_NA_TRLBTU.A",1,". ",""
"Final Energy|Industry|EInt Mfg|Glass|Coal","Glass Industry : Steam Coal","{EIA_dataset}.{EIA_scenario}.CNSM_NA_IDAL_GGR_STC_NA_NA_TRLBTU.A",1,". ",""
"Final Energy|Industry|EInt Mfg|Glass|Biomass Solids","Glass Industry : Renewables","{EIA_dataset}.{EIA_scenario}.CNSM_NA_IDAL_GGR_REB_NA_NA_TRLBTU.A",1,"Allocating Renewables to Biomass Solids. ",""
"Final Energy|Industry|EInt Mfg|Food products|Oil","Food Industry : Petroleum Subtotal","{EIA_dataset}.{EIA_scenario}.CNSM_NA_IDAL_FDP_PET_NA_NA_TRLBTU.A",1,". ",""
"Final Energy|Industry|EInt Mfg|Food products|Gas","Food Industry : Natural Gas","{EIA_dataset}.{EIA_scenario}.CNSM_NA_IDAL_FDP_NG_NA_NA_TRLBTU.A",1,". ",""
"Final Energy|Industry|EInt Mfg|Food products|Electricity","Food Industry : Purchased Electricity","{EIA_dataset}.{EIA_scenario}.CNSM_NA_IDAL_FDP_PRC_NA_NA_TRLBTU.A",1,". ",""
"Final Energy|Industry|EInt Mfg|Food products|Coal","Food Industry : Steam Coal","{EIA_dataset}.{EIA_scenario}.CNSM_NA_IDAL_FDP_STC_NA_NA_TRLBTU.A",1,". ",""
"Final Energy|Industry|EInt Mfg|Food products|Biomass Solids","Food Industry : Renewables","{EIA_dataset}.{EIA_scenario}.CNSM_NA_IDAL_FDP_REB_NA_NA_TRLBTU.A",1,"Allocating Renewables to Biomass Solids. ",""
"Final Energy|Industry|EInt Mfg|Cement and lime|Oil","Cement Industry : Petroleum Subtotal","{EIA_dataset}.{EIA_scenario}.CNSM_NA_IDAL_CEM_PET_NA_NA_TRLBTU.A",1,". ",""
"Final Energy|Industry|EInt Mfg|Cement and lime|Gas","Cement Industry : Natural Gas","{EIA_dataset}.{EIA_scenario}.CNSM_NA_IDAL_CEM_NG_NA_NA_TRLBTU.A",1,". ",""
"Final Energy|Industry|EInt Mfg|Cement and lime|Electricity","Cement Industry : Purchased Electricity","{EIA_dataset}.{EIA_scenario}.CNSM_NA_IDAL_CEM_PRC_NA_NA_TRLBTU.A",1,". ",""
"Final Energy|Industry|EInt Mfg|Cement and lime|Coal","Cement Industry : Steam Coal","{EIA_dataset}.{EIA_scenario}.CNSM_NA_IDAL_CEM_STC_NA_NA_TRLBTU.A",1,". ",""
"Final Energy|Industry|EInt Mfg|Cement and lime|Biomass Solids","Cement Industry : Renewables","{EIA_dataset}.{EIA_scenario}.CNSM_NA_IDAL_CEM_REB_NA_NA_TRLBTU.A",1,"Allocating Renewables to Biomass Solids. ",""
"Final Energy|Industry|EInt Mfg|Bulk chemicals|Oil","Bulk Chemical : Petroleum Subtotal","{EIA_dataset}.{EIA_scenario}.CNSM_NA_IDAL_BCH_PET_NA_NA_TRLBTU.A",1,". ",""
"Final Energy|Industry|EInt Mfg|Bulk chemicals|Gas","Bulk Chemical : Natural Gas","{EIA_dataset}.{EIA_scenario}.CNSM_NA_IDAL_BCH_NG_NA_NA_TRLBTU.A",1,". ",""
"Final Energy|Industry|EInt Mfg|Bulk chemicals|Electricity","Bulk Chemical : Purchased Electricity","{EIA_dataset}.{EIA_scenario}.CNSM_NA_IDAL_BCH_PRC_NA_NA_TRLBTU.A",1,". ",""
"Final Energy|Industry|EInt Mfg|Bulk chemicals|Coal","Bulk Chemical : Steam Coal","{EIA_dataset}.{EIA_scenario}.CNSM_NA_IDAL_BCH_STC_NA_NA_TRLBTU.A",1,". ",""
"Final Energy|Industry|EInt Mfg|Bulk chemicals|Biomass Solids","Bulk Chemical : Renewables","{EIA_dataset}.{EIA_scenario}.CNSM_NA_IDAL_BCH_REB_NA_NA_TRLBTU.A",1,"Allocating Renewables to Biomass Solids. ",""
"Final Energy|Industry|EInt Mfg|Aluminum|Oil","Aluminum Industry : Petroleum Subtotal","{EIA_dataset}.{EIA_scenario}.CNSM_NA_IDAL_AAP_PET_NA_NA_TRLBTU.A",1,". ",""
"Final Energy|Industry|EInt Mfg|Aluminum|Gas","Aluminum Industry : Natural Gas","{EIA_dataset}.{EIA_scenario}.CNSM_NA_IDAL_AAP_NG_NA_NA_TRLBTU.A",1,". ",""
"Final Energy|Industry|EInt Mfg|Aluminum|Electricity","Aluminum Industry : Purchased Electricity","{EIA_dataset}.{EIA_scenario}.CNSM_NA_IDAL_AAP_PRC_NA_NA_TRLBTU.A",1,". ",""
"Final Energy|Industry|EInt Mfg|Aluminum|Coal","Aluminum Industry : Steam Coal","{EIA_dataset}.{EIA_scenario}.CNSM_NA_IDAL_AAP_STC_NA_NA_TRLBTU.A",1,". ",""
"Final Energy|Industry|EInt Mfg|Aluminum|Biomass Solids","Aluminum Industry : Renewables","{EIA_dataset}.{EIA_scenario}.CNSM_NA_IDAL_AAP_REB_NA_NA_TRLBTU.A",1,"Allocating Renewables to Biomass Solids. ",""
"Final Energy|Industry","Energy Use : Industrial : Total, United States","{EIA_dataset}.{EIA_scenario}.CNSM_ENU_IDAL_NA_TOT_NA_NA_QBTU.A",1,"",""
"Final Energy|Electricity","Energy Use : Delivered : All Sectors : Electricity, United States","{EIA_dataset}.{EIA_scenario}.CNSM_ENU_ALLS_NA_ELC_DELV_NA_QBTU.A",1,"",""
"Final Energy|Buildings|Residential|Electricity","Energy Use : Residential : Electricity, United States","{EIA_dataset}.{EIA_scenario}.CNSM_ENU_RESD_NA_ELC_NA_NA_QBTU.A",1,"",""
"Final Energy|Buildings|Residential","Energy Use : Residential : Total, United States","{EIA_dataset}.{EIA_scenario}.CNSM_ENU_RESD_NA_TOT_NA_NA_QBTU.A",1,"",""
"Final Energy|Buildings|Commercial|Electricity","Energy Use : Commercial : Electricity, United States","{EIA_dataset}.{EIA_scenario}.CNSM_ENU_COMM_NA_ELC_NA_NA_QBTU.A",1,"",""
"Final Energy|Buildings|Commercial","Energy Use : Commercial : Total, United States","{EIA_dataset}.{EIA_scenario}.CNSM_ENU_COMM_NA_TOT_NA_NA_QBTU.A",1,"",""
"Final Energy|Buildings","Energy Use : Residential : Total, United States","{EIA_dataset}.{EIA_scenario}.CNSM_ENU_RESD_NA_TOT_NA_NA_QBTU.A",1,"",""
"Final Energy|Buildings","Energy Use : Commercial : Total, United States","{EIA_dataset}.{EIA_scenario}.CNSM_ENU_COMM_NA_TOT_NA_NA_QBTU.A",1,"",""
"Final Energy","Energy Use : Delivered : All Sectors : Delivered Energy, United States","{EIA_dataset}.{EIA_scenario}.CNSM_ENU_ALLS_NA_DELE_DELV_NA_QBTU.A",1,"",""
"Emissions|CO2|Energy|Supply|Electricity|Oil","Carbon Dioxide : Electric Power : Petroleum, United States","{EIA_dataset}.{EIA_scenario}.EMI_CO2_ELEP_NA_PET_NA_NA_MILLMETNCO2.A",1,"",""
"Emissions|CO2|Energy|Supply|Electricity|Gas","Carbon Dioxide : Electric Power : Natural Gas, United States","{EIA_dataset}.{EIA_scenario}.EMI_CO2_ELEP_NA_NG_NA_NA_MILLMETNCO2.A",1,"",""
"Emissions|CO2|Energy|Supply|Electricity|Coal","Carbon Dioxide : Electric Power : Coal, United States","{EIA_dataset}.{EIA_scenario}.EMI_CO2_ELEP_NA_CL_NA_NA_MILLMETNCO2.A",1,"",""
"Emissions|CO2|Energy|Supply|Electricity","Carbon Dioxide : Electric Power : Total, United States","{EIA_dataset}.{EIA_scenario}.EMI_CO2_ELEP_NA_NA_NA_NA_MILLMETNCO2.A",1,"",""
"Emissions|CO2|Energy|Oil","Carbon Dioxide : Total by Fuel : Petroleum, United States","{EIA_dataset}.{EIA_scenario}.EMI_CO2_TEN_NA_PET_NA_NA_MILLMETNCO2.A",1,"",""
"Emissions|CO2|Energy|Gas","Carbon Dioxide : Total by Fuel : Natural Gas, United States","{EIA_dataset}.{EIA_scenario}.EMI_CO2_TEN_NA_NG_NA_NA_MILLMETNCO2.A",1,"",""
"Emissions|CO2|Energy|Demand|Transportation|Indirect","Carbon Dioxide : Transportation : Electricity, United States, Reference, AEO2022","{EIA_dataset}.{EIA_scenario}.EMI_CO2_TRN_NA_ELC_NA_NA_MILLMETNCO2.A",1,"",""
"Emissions|CO2|Energy|Demand|Transportation","Carbon Dioxide : Transportation","{EIA_dataset}.{EIA_scenario}.EMI_CO2_TRN_NA_NA_NA_NA_MILLMETNCO2.A",1,"",""
"Emissions|CO2|Energy|Demand|Transportation","Carbon Dioxide : Transportation : Electricity, United States, Reference, AEO2022","{EIA_dataset}.{EIA_scenario}.EMI_CO2_TRN_NA_ELC_NA_NA_MILLMETNCO2.A",-1,"subtract out trn indirect emissions",""
"Emissions|CO2|Energy|Demand|Industry|NonEInt Mfg|Wood Products","Other Manufacturing : Wood Products : Carbon Dioxide Emissions","{EIA_dataset}.{EIA_scenario}.EMI_CO2_IDAL_WDP_NA_NA_NA_METNCO2.A",1,"Inclusive of BOTH direct and indirect emissions. ",""
"Emissions|CO2|Energy|Demand|Industry|NonEInt Mfg|Plastic & rubber","Other Manufacturing : Plastics : Carbon Dioxide Emissions","{EIA_dataset}.{EIA_scenario}.EMI_CO2_IDAL_PLI_NA_NA_NA_METNCO2.A",1,"Inclusive of BOTH direct and indirect emissions. ",""
"Emissions|CO2|Energy|Demand|Industry|NonEInt Mfg|Metal durables|Transport equip","Metal Based Durables : Transportation Equipment : Carbon Dioxide Emissions","{EIA_dataset}.{EIA_scenario}.EMI_CO2_IDAL_TEQ_NA_NA_NA_METNCO2.A",1,"Inclusive of BOTH direct and indirect emissions. ",""
"Emissions|CO2|Energy|Demand|Industry|NonEInt Mfg|Metal durables|Machinery","Metal Based Durables :  Machinery : Carbon Dioxide Emissions","{EIA_dataset}.{EIA_scenario}.EMI_CO2_IDAL_MCHI_NA_NA_NA_METNCO2.A",1,"Inclusive of BOTH direct and indirect emissions. ",""
"Emissions|CO2|Energy|Demand|Industry|NonEInt Mfg|Metal durables|Fab metal","Metal Based Durables : Fabricated Metal Products : Carbon Dioxide Emissions","{EIA_dataset}.{EIA_scenario}.EMI_CO2_IDAL_FBP_NA_NA_NA_METNCO2.A",1,"Inclusive of BOTH direct and indirect emissions. ",""
"Emissions|CO2|Energy|Demand|Industry|NonEInt Mfg|Metal durables|Computer","Metal Based Durables : Computers : Carbon Dioxide Emissions","{EIA_dataset}.{EIA_scenario}.EMI_CO2_IDAL_CMPR_NA_NA_NA_METNCO2.A",1,"Inclusive of BOTH direct and indirect emissions. ",""
"Emissions|CO2|Energy|Demand|Industry|NonEInt Mfg|Metal durables|Appliances","Metal Based Durables : Electrical Equipment : Carbon Dioxide Emissions","{EIA_dataset}.{EIA_scenario}.EMI_CO2_IDAL_EEI_NA_NA_NA_METNCO2.A",1,"Inclusive of BOTH direct and indirect emissions. ",""
"Emissions|CO2|Energy|Demand|Industry|NonEInt Mfg|Balance of manufacturing","Other Manufacturing : Balance of Manufacturing : Carbon Dioxide Emissions","{EIA_dataset}.{EIA_scenario}.EMI_CO2_IDAL_BMF_NA_NA_NA_METNCO2.A",1,"Inclusive of BOTH direct and indirect emissions. ",""
"Emissions|CO2|Energy|Demand|Industry|Non Mfg|Other mining","Nonmanufacturing : Mining : Carbon Dioxide Emissions","{EIA_dataset}.{EIA_scenario}.EMI_CO2_IDAL_MING_NA_NA_NA_METNCO2.A",1,"Inclusive of BOTH direct and indirect emissions. Extent of EIA mining sector is unclear",""
"Emissions|CO2|Energy|Demand|Industry|Non Mfg|Construction","Nonmanufacturing : Construction : Carbon Dioxide Emissions","{EIA_dataset}.{EIA_scenario}.EMI_CO2_IDAL_CNS_NA_NA_NA_METNCO2.A",1,"Inclusive of BOTH direct and indirect emissions. ",""
"Emissions|CO2|Energy|Demand|Industry|Non Mfg|Agriculture","Nonmanufacturing : Agriculture : Carbon Dioxide Emissions","{EIA_dataset}.{EIA_scenario}.EMI_CO2_IDAL_AGG_NA_NA_NA_METNCO2.A",1,"Inclusive of BOTH direct and indirect emissions. ",""
"Emissions|CO2|Energy|Demand|Industry|Indirect","Carbon Dioxide : Industrial : Electricity, United States, Reference, AEO2022","{EIA_dataset}.{EIA_scenario}.EMI_CO2_IDAL_NA_ELC_NA_NA_MILLMETNCO2.A",1,"",""
"Emissions|CO2|Energy|Demand|Industry|EInt Mfg|Paper","Paper Industry : Carbon Dioxide Emissions","{EIA_dataset}.{EIA_scenario}.EMI_CO2_IDAL_PPM_NA_NA_NA_METNCO2.A",1,"Inclusive of BOTH direct and indirect emissions. ",""
"Emissions|CO2|Energy|Demand|Industry|EInt Mfg|Iron and steel","Iron and Steel : Carbon Dioxide Emissions","{EIA_dataset}.{EIA_scenario}.EMI_CO2_IDAL_ISM_NA_NA_NA_METNCO2.A",1,"Inclusive of BOTH direct and indirect emissions. ",""
"Emissions|CO2|Energy|Demand|Industry|EInt Mfg|Glass","Glass Industry : Carbon Dioxide Emissions","{EIA_dataset}.{EIA_scenario}.EMI_CO2_IDAL_GGR_NA_NA_NA_METNCO2.A",1,"Inclusive of BOTH direct and indirect emissions. ",""
"Emissions|CO2|Energy|Demand|Industry|EInt Mfg|Food products","Food Industry : Carbon Dioxide Emissions","{EIA_dataset}.{EIA_scenario}.EMI_CO2_IDAL_FDP_NA_NA_NA_METNCO2.A",1,"Inclusive of BOTH direct and indirect emissions. ",""
"Emissions|CO2|Energy|Demand|Industry|EInt Mfg|Cement and lime","Cement Industry : Carbon Dioxide Emissions","{EIA_dataset}.{EIA_scenario}.EMI_CO2_IDAL_CEM_NA_NA_NA_METNCO2.A",1,"Inclusive of BOTH direct and indirect emissions. ",""
"Emissions|CO2|Energy|Demand|Industry|EInt Mfg|Bulk chemicals","Bulk Chemical : Carbon Dioxide Emissions","{EIA_dataset}.{EIA_scenario}.EMI_CO2_IDAL_BCH_NA_NA_NA_METNCO2.A",1,"Inclusive of BOTH direct and indirect emissions. ",""
"Emissions|CO2|Energy|Demand|Industry|EInt Mfg|Aluminum","Aluminum Industry : Carbon Dioxide Emissions","{EIA_dataset}.{EIA_scenario}.EMI_CO2_IDAL_AAP_NA_NA_NA_METNCO2.A",1,"Inclusive of BOTH direct and indirect emissions. ",""
"Emissions|CO2|Energy|Demand|Industry","Carbon Dioxide : Industrial","{EIA_dataset}.{EIA_scenario}.EMI_CO2_IDAL_NA_NA_NA_NA_MILLMETNCO2.A",1,"",""
"Emissions|CO2|Energy|Demand|Industry","Carbon Dioxide : Industrial : Electricity, United States, Reference, AEO2022","{EIA_dataset}.{EIA_scenario}.EMI_CO2_IDAL_NA_ELC_NA_NA_MILLMETNCO2.A",-1,"subtract out ind indirect emissions",""
"Emissions|CO2|Energy|Demand|Buildings|Residential|Indirect","Carbon Dioxide : Residential : Electricity, United States","{EIA_dataset}.{EIA_scenario}.EMI_CO2_RESD_NA_ELC_NA_NA_MILLMETNCO2.A",1,"",""
"Emissions|CO2|Energy|Demand|Buildings|Residential","Carbon Dioxide : Residential","{EIA_dataset}.{EIA_scenario}.EMI_CO2_RESD_NA_NA_NA_NA_MILLMETNCO2.A",1,"",""
"Emissions|CO2|Energy|Demand|Buildings|Residential","Carbon Dioxide : Residential : Electricity, United States","{EIA_dataset}.{EIA_scenario}.EMI_CO2_RESD_NA_ELC_NA_NA_MILLMETNCO2.A",-1,"subtract out res indirect emissions",""
"Emissions|CO2|Energy|Demand|Buildings|Indirect","Carbon Dioxide : Residential : Electricity, United States","{EIA_dataset}.{EIA_scenario}.EMI_CO2_RESD_NA_ELC_NA_NA_MILLMETNCO2.A",1,"add commercial and residential indirect emissions",""
"Emissions|CO2|Energy|Demand|Buildings|Indirect","Carbon Dioxide : Commercial : Electricity, United States","{EIA_dataset}.{EIA_scenario}.EMI_CO2_COMM_NA_ELC_NA_NA_MILLMETNCO2.A",1,"add commercial and residential indirect emissions",""
"Emissions|CO2|Energy|Demand|Buildings|Commercial|Indirect","Carbon Dioxide : Commercial : Electricity, United States","{EIA_dataset}.{EIA_scenario}.EMI_CO2_COMM_NA_ELC_NA_NA_MILLMETNCO2.A",1,"",""
"Emissions|CO2|Energy|Demand|Buildings|Commercial","Carbon Dioxide : Commercial","{EIA_dataset}.{EIA_scenario}.EMI_CO2_COMM_NA_NA_NA_NA_MILLMETNCO2.A",1,"",""
"Emissions|CO2|Energy|Demand|Buildings|Commercial","Carbon Dioxide : Commercial : Electricity, United States","{EIA_dataset}.{EIA_scenario}.EMI_CO2_COMM_NA_ELC_NA_NA_MILLMETNCO2.A",-1,"subtract out com indirect emissions",""
"Emissions|CO2|Energy|Demand|Buildings","Carbon Dioxide : Residential","{EIA_dataset}.{EIA_scenario}.EMI_CO2_RESD_NA_NA_NA_NA_MILLMETNCO2.A",1,"",""
"Emissions|CO2|Energy|Demand|Buildings","Carbon Dioxide : Commercial","{EIA_dataset}.{EIA_scenario}.EMI_CO2_COMM_NA_NA_NA_NA_MILLMETNCO2.A",1,"",""
"Emissions|CO2|Energy|Demand|Buildings","Carbon Dioxide : Residential : Electricity, United States","{EIA_dataset}.{EIA_scenario}.EMI_CO2_RESD_NA_ELC_NA_NA_MILLMETNCO2.A",-1,"subtract out com and res indirect emissions",""
"Emissions|CO2|Energy|Demand|Buildings","Carbon Dioxide : Commercial : Electricity, United States","{EIA_dataset}.{EIA_scenario}.EMI_CO2_COMM_NA_ELC_NA_NA_MILLMETNCO2.A",-1,"subtract out com and res indirect emissions",""
"Emissions|CO2|Energy|Coal","Carbon Dioxide : Total by Fuel : Coal, United States","{EIA_dataset}.{EIA_scenario}.EMI_CO2_TEN_NA_CL_NA_NA_MILLMETNCO2.A",1,"",""
"Emissions|CO2|Energy","Carbon Dioxide : Total by Fuel : Total, United States","{EIA_dataset}.{EIA_scenario}.EMI_CO2_TEN_NA_NA_NA_NA_MILLMETNCO2.A",1,"",""
"Capacity|Electricity|Wind|Onshore","Renewable Energy : All Sectors : Generating Capacity : Wind, United States","{EIA_dataset}.{EIA_scenario}.CAP_GEN_NA_NA_WND_NA_NA_GW.A",1,"",""
"Capacity|Electricity|Wind|Onshore","Renewable Energy : Electric Power Sector : Generating Capacity : Offshore Wind, United States","{EIA_dataset}.{EIA_scenario}.CAP_GEN_ELEP_NA_OFW_NA_NA_GW.A",-1,"total subtract out offshore",""
"Capacity|Electricity|Wind|Offshore","Renewable Energy : Electric Power Sector : Generating Capacity : Offshore Wind, United States","{EIA_dataset}.{EIA_scenario}.CAP_GEN_ELEP_NA_OFW_NA_NA_GW.A",1,"",""
"Capacity|Electricity|Wind","Renewable Energy : All Sectors : Generating Capacity : Wind, United States","{EIA_dataset}.{EIA_scenario}.CAP_GEN_NA_NA_WND_NA_NA_GW.A",1,"",""
"Capacity|Electricity|Storage Capacity|PSH","Electricity : Electric Power Sector : Capacity : Pumped Storage, United States","{EIA_dataset}.{EIA_scenario}.CAP_NA_ELEP_NA_PST_NA_NA_GW.A",1,"",""
"Capacity|Electricity|Solar|PV","Renewable Energy : Electric Power Sector : Generating Capacity : Solar Photovoltaic, United States","{EIA_dataset}.{EIA_scenario}.CAP_GEN_ELEP_NA_SLR_PHTVL_NA_GW.A",1,"",""
"Capacity|Electricity|Solar|CSP","Renewable Energy : Electric Power Sector : Generating Capacity : Solar Thermal, United States","{EIA_dataset}.{EIA_scenario}.CAP_GEN_ELEP_NA_SLR_THERM_NA_GW.A",1,"",""
"Capacity|Electricity|Solar","Renewable Energy : All Sectors : Generating Capacity : Solar, United States","{EIA_dataset}.{EIA_scenario}.CAP_GEN_NA_NA_SLR_NA_NA_GW.A",1,"",""
"Capacity|Electricity|Nuclear","Electricity : Electric Power Sector : Capacity : Nuclear, United States","{EIA_dataset}.{EIA_scenario}.CAP_NA_ELEP_NA_NUP_NA_NA_GW.A",1,"",""
"Capacity|Electricity|Hydro","Renewable Energy : Electric Power Sector : Generating Capacity : Hydropower, United States","{EIA_dataset}.{EIA_scenario}.CAP_GEN_ELEP_NA_HYD_CNV_NA_GW.A",1,"",""
"Capacity|Electricity|Geothermal","Renewable Energy : Electric Power Sector : Generating Capacity : Geothermal, United States","{EIA_dataset}.{EIA_scenario}.CAP_GEN_NA_NA_GEOTHM_NA_NA_GW.A",1,"",""
"Capacity|Electricity|Coal","Electricity : Electric Power Sector : Capacity : Coal, United States","{EIA_dataset}.{EIA_scenario}.CAP_NA_ELEP_NA_CL_NA_NA_GW.A",1,"",""
"Capacity|Electricity|Biomass","Renewable Energy : Electric Power Sector : Generating Capacity : Wood and Other Biomass, United States","{EIA_dataset}.{EIA_scenario}.CAP_GEN_ELEP_NA_WBM_NA_NA_GW.A",1,"",""
"Capacity|Electricity","Electricity Capacity : Total Electric Power Sector Capacity","{EIA_dataset}.{EIA_scenario}.CAP_NA_ELEP_NA_TEP_NA_USA_GW.A",1,"",""
"","Energy Prices : Electric Power : Natural Gas, United States","{EIA_dataset}.{EIA_scenario}.PRCE_REAL_ELEP_NA_NG_NA_NA_Y13DLRPMMBTU.A",1,"variable not pulling correctly from EIA, probably something to do with units, but still unsure","Price|Final Energy|Electricity|Gas"
"","Renewable Energy : All Sectors : Electricity Generation : Wood and Other Biomass, United States","{EIA_dataset}.{EIA_scenario}.GEN_NA_NA_NA_WBM_NA_NA_BLNKWH.A",1,"not in template anymore","Primary Energy|Biomass|Electricity"
"","Renewable Energy : All Sectors : Electricity Generation : Municipal Waste, United States","{EIA_dataset}.{EIA_scenario}.GEN_NA_NA_NA_MUNWST_NA_NA_BLNKWH.A",1,"not in template anymore","Primary Energy|Biomass|Electricity"
"","Electricity : Electric Power Sector : Generation : Coal, United States","{EIA_dataset}.{EIA_scenario}.GEN_NA_ELEP_NA_CL_NA_NA_BLNKWH.A",1,"",""
"","Electricity : Electric Power Sector : Generation : Natural Gas, United States","{EIA_dataset}.{EIA_scenario}.GEN_NA_ELEP_NA_NG_NA_NA_BLNKWH.A",1,"",""
"","Electricity : Electric Power Sector : Generation : Petroleum, United States","{EIA_dataset}.{EIA_scenario}.GEN_NA_ELEP_NA_PET_NA_NA_BLNKWH.A",1,"not in template anymore","Primary Energy|Oil|Electricity"
"","Carbon Dioxide : Total by Fuel : Other, United States","{EIA_dataset}.{EIA_scenario}.EMI_CO2_TEN_NA_OTH_NA_NA_MILLMETNCO2.A",1,"not in template","Emissions|CO2|Energy|Other"
"","Carbon Dioxide : Electric Power : Other, United States","{EIA_dataset}.{EIA_scenario}.EMI_CO2_ELEP_NA_OTH_NA_NA_MILLMETNCO2.A",1,"not in template","Emissions|CO2|Energy|Electricity|Other"
"","Energy Prices : Average Price to All Users : Electricity, United States","{EIA_dataset}.{EIA_scenario}.PRCE_REAL_TEN_NA_ELC_NA_NA_Y13DLRPMMBTU.A",1,"Alternate electricity price","Price|Electricity|Average Price to All Users"
"","Electricity : Electric Power Sector : Generation : Nuclear, United States","{EIA_dataset}.{EIA_scenario}.GEN_NA_ELEP_NA_NUC_NA_NA_BLNKWH.A",1,"add to EMF template?","Primary Energy|Nuclear|Electricity"
"","Electricity : Net Imports","{EIA_dataset}.{EIA_scenario}.TRAD_NA_ELEP_NA_NETIMP_NA_USA_BLNKWH.A",1,"not in EMF37 template","Secondary Energy|Electricity|Imports"
"","Electricity : Total Electricity Generation by Fuel : Other","{EIA_dataset}.{EIA_scenario}.GEN_NA_ELEP_TGE_OTH_NA_USA_BLNKWH.A",1,"not in EMF37 template","Secondary Energy|Electricity|Other"
"","Energy Use : Delivered : All Sectors : Coal Subtotal, United States","{EIA_dataset}.{EIA_scenario}.CNSM_ENU_ALLS_NA_COS_DELV_NA_QBTU.A",1,"add to EMF template?","Final Energy|Coal"
